,,
Volcano Name,Latitude,Longitude
West Eifel Volcanic Field,50.17,6.85
Chaine des Puys,45.775,2.97
Olot Volcanic Field,42.17,2.53
Calatrava Volcanic Field,38.87,-4.02
Vulsini,42.6,11.93
Colli Albani,41.73,12.7
Campi Flegrei,40.827,14.139
Vesuvius,40.821,14.426
Ischia,40.73,13.897
Palinuro,39.48,14.83
Stromboli,38.789,15.213
Panarea,38.638,15.064
Lipari,38.49,14.933
Vulcano,38.404,14.962
Etna,37.748,14.999
Campi Flegrei del Mar di Sicilia,37.1,12.7
Pantelleria,36.77,12.02
Marsili,39.284,14.399
Methana,37.615,23.336
Milos,36.699,24.439
Santorini,36.404,25.396
Nisyros,36.586,27.16
Yali,36.671,27.14
Kula,38.58,28.52
Karapinar Field,37.667,33.6
Hasan Dagi,38.13,34.17
Gollu Dag,38.25,34.57
Acigol-Nevsehir,38.537,34.621
Erciyes Dagi,38.531,35.447
Karaca Dag,37.67,39.83
Nemrut Dagi,38.654,42.229
Tenduruk Dagi,39.356,43.874
Ararat,39.7,44.3
Elbrus,43.351,42.442
Kazbek,42.7,44.5
Samsari Volcanic Center,41.542,43.7
Aragats,40.53,44.2
Ghegam Ridge,40.275,44.75
Dar-Alages,39.704,45.551
Porak,40.028,45.74
Tskhouk-Karckar,39.73,46.02
"Tair, Jebel at",15.55,41.83
Zubair Group,15.05,42.18
Zukur,14.02,42.75
Hanish,13.72,42.73
Alid,14.88,39.92
Dallol,14.242,40.3
Gada Ale,13.975,40.408
Alu-Dalafilla,13.793,40.553
Bora Ale,13.725,40.6
Erta Ale,13.6,40.67
Ale Bagu,13.512,40.631
Hayli Gubbi,13.51,40.722
Dubbi,13.579,41.809
Nabro,13.37,41.7
Mallahle,13.27,41.65
Sork Ale,13.18,41.725
Asavyo,13.098,41.599
Mat Ala,13.106,41.161
Tat Ali,13.284,41.063
Borawli,13.304,40.987
Afdera,13.088,40.853
Ma Alalta,13.013,40.185
Alayta,12.888,40.573
Dabbahu,12.595,40.48
Dabbayra,12.38,40.07
Manda Hararo,12.17,40.82
Groppo,11.816,40.242
Kurub,11.88,41.208
Manda-Inakir,12.38,42.2
Mousa Alli,12.469,42.404
Gufa,12.55,42.53
Assab Volcanic Field,12.95,42.43
Ardoukoba,11.58,42.47
Manda Gargori,11.75,41.48
Dama Ali,11.28,41.63
Gabillema,11.08,41.27
Yangudi,10.58,41.042
Ayelu,10.082,40.702
Adwa,10.07,40.84
Hertali,9.78,40.33
Liado Hayk,9.57,40.28
Dofan,9.35,40.13
Fentale,8.975,39.93
Beru,8.95,39.75
Kone,8.788,39.701
Boset-Bericha,8.558,39.475
Bishoftu Volcanic Field,8.78,38.98
Sodore,8.43,39.35
Gedamsa,8.357,39.188
Bora-Bericcio,8.221,39.05
Tullu Moje,8.159,39.137
Unnamed,8.013,39.062
East Zway,7.874,38.902
Butajiri-Silti Field,8.05,38.35
Alutu,7.77,38.78
O'a Caldera,7.47,38.58
Corbetti Caldera,7.193,38.39
Bilate River Field,7.07,38.1
Tepi,7.42,35.43
Hobicha Caldera,6.78,37.83
Chiracha,6.712,38.085
East Chamo Basin,5.708,37.713
Korath Range,5.1,35.88
Mega Basalt Field,4.063,37.488
North Island,4.059,36.049
Central Island,3.496,36.04
South Island,2.63,36.6
Marsabit,2.32,37.97
"Barrier, The",2.32,36.57
Namarunu,1.98,36.43
Segererua Plateau,1.57,37.9
Emuruangogolak,1.5,36.33
Silali,1.15,36.23
Paka,0.92,36.18
Korosi,0.77,36.12
Ol Kokwe,0.62,36.075
Nyambeni Hills,0.23,37.87
Menengai,-0.2,36.07
Homa Mountain,-0.38,34.5
Elmenteita Badlands,-0.52,36.27
"Eburru, Ol Doinyo",-0.65,36.22
Olkaria,-0.904,36.292
Longonot,-0.914,36.446
Suswa,-1.151,36.357
"Lengai, Ol Doinyo",-2.764,35.914
Chyulu Hills,-2.68,37.88
Meru,-3.25,36.75
Igwisi Hills,-4.889,31.933
Ngozi,-8.989,33.554
Rungwe,-9.135,33.668
Kyejo,-9.229,33.792
Fort Portal,0.7,30.25
Kyatwa,0.45,30.25
Katwe-Kikorongo,-0.08,29.92
Bunyaruguru,-0.2,30.08
Katunga,-0.471,30.191
Nyamuragira,-1.408,29.2
Nyiragongo,-1.52,29.25
Karisimbi,-1.506,29.45
Visoke,-1.458,29.485
Muhavura,-1.383,29.678
Bufumbira,-1.23,29.72
Tshibinda,-2.32,28.75
San Carlos,3.35,8.52
San Joaquin,3.35,8.63
Santa Isabel,3.588,8.762
Cameroon,4.203,9.17
Tombel Graben,4.758,9.717
Oku Volcanic Field,6.25,10.5
Todra Volcanic Field,17.68,8.5
Tin Zaouatene Volcanic Field,19.83,2.83
Tahalra Volcanic Field,22.67,5
Atakor Volcanic Field,23.33,5.83
Manzaz Volcanic Field,23.92,5.83
"Toh, Tarso",21.33,16.33
"Tousside, Tarso",21.03,16.45
"Voon, Tarso",20.92,17.28
"Koussi, Emi",19.8,18.53
"Marra, Jebel",12.95,24.27
Kutum Volcanic Field,14.57,25.85
Meidob Volcanic Field,15.32,26.47
Bayuda Volcanic Field,18.33,32.75
Sharat Kovakab,36.53,40.85
Harrat Ash Shamah,32.333,37.583
"Rahah, Harrat ar",27.8,36.17
"Uwayrid, Harrat",27.08,37.25
"Lunayyir, Harrat",25.17,37.75
"Ithnayn, Harrat",26.58,40.2
"Khaybar, Harrat",25,39.92
"Rahat, Harrat",23.08,39.78
"Kishb, Harrat",22.8,41.38
"Birk, Harrat al",18.37,41.63
"Yar, Jabal",17.05,42.83
"Arhab, Harra of",15.63,44.08
"Marha, Jabal el-",15.245,44.236
"Haylan, Jabal",15.4,45.1
"Dhamar, Harras of",14.57,44.67
"Sawad, Harra Es-",13.58,46.12
"Bal Haf, Harra of",14.067,48.3
Bir Borhut,15.515,50.935
Sahand,37.75,46.43
Sabalan,38.268,47.835
Damavand,35.951,52.109
Bazman,28.07,60
Kuh-e Nader,28.17,60.67
Taftan,28.6,61.13
"Grille, La",-11.47,43.33
Mayotte Island,-12.83,45.17
Karthala,-11.75,43.38
Ambre-Bobaomby,-12.6,49.15
Nosy-Be,-13.32,48.48
Ankaizina Field,-14.3,48.67
Itasy Volcanic Field,-19.033,46.7
Vakinankaratra,-19.85,46.942
"Fournaise, Piton de la",-21.244,55.708
Boomerang Seamount,-37.721,77.825
Amsterdam Island,-37.83,77.52
St. Paul,-38.72,77.53
Heard,-53.106,73.513
McDonald Islands,-53.03,72.6
Kerguelen Islands,-49.58,69.5
"Est, Ile de l'",-46.43,52.2
"Possession, Ile de la",-46.42,51.75
"Cochons, Ile aux",-46.1,50.23
Prince Edward Island,-46.63,37.95
Marion Island,-46.9,37.75
Kaikohe-Bay of Islands,-35.3,173.9
Whangarei,-35.75,174.27
Auckland Volcanic Field,-36.9,174.87
Mayor Island,-37.28,176.25
Taranaki,-39.3,174.07
White Island,-37.52,177.18
Okataina,-38.12,176.5
Reporoa,-38.42,176.33
Maroa,-38.42,176.08
Taupo,-38.82,176
Tongariro,-39.157,175.632
Ruapehu,-39.28,175.57
Clark,-36.446,177.839
Tangaroa,-36.321,178.028
Rumble V,-36.142,178.196
Rumble IV,-36.13,178.05
Rumble III,-35.745,178.478
Rumble II West,-35.353,178.527
Healy,-35.004,178.973
Brothers,-34.875,179.075
Wright,-31.85,-179.18
Havre Seamount,-31.08,-179.033
Curtis Island,-30.543,-178.556
Macauley,-30.21,-178.475
Giggenbach,-30.036,-178.712
Raoul Island,-29.27,-177.92
Monowai,-25.887,-177.188
Unnamed,-24.8,-177.02
Unnamed,-21.338,-175.65
Unnamed,-21.15,-175.75
Unnamed,-20.852,-175.55
Hunga Tonga-Hunga Ha'apai,-20.536,-175.382
Fonuafo'ou,-20.32,-175.42
Tofua,-19.75,-175.07
Kao,-19.668,-175.016
Lateiki,-19.18,-174.87
Home Reef,-18.992,-174.775
Late,-18.806,-174.65
Unnamed,-18.325,-174.365
Fonualei,-18.023,-174.317
Tafahi,-15.85,-173.72
Curacoa,-15.62,-173.67
Niuafo'ou,-15.6,-175.63
Dugong,-15.431,-175.725
Lobster,-15.333,-176.283
Tafu-Maka,-15.37,-174.23
West Mata,-15.1,-173.75
Niuatahi,-15.379,-174.003
Vailulu'u,-14.215,-169.058
Ta'u,-14.23,-169.454
Ofu-Olosega,-14.175,-169.618
Tutuila,-14.295,-170.7
Upolu,-13.935,-171.72
Savai'i,-13.612,-172.525
Wallis Islands,-13.3,-176.17
Taveuni,-16.82,-179.97
Koro,-17.32,179.4
Nabukelevu,-19.12,177.98
St. Andrew Strait,-2.38,147.35
Baluan,-2.57,147.28
Central Bismarck Sea,-3.03,147.78
Blup Blup,-3.507,144.605
Kadovar,-3.608,144.588
Bam,-3.613,144.818
Boisa,-3.994,144.963
Manam,-4.08,145.037
Karkar,-4.649,145.964
Hankow Reef,-4.883,146.717
Long Island,-5.358,147.12
Umboi,-5.589,147.875
Ritter Island,-5.519,148.115
Sakar,-5.414,148.094
Langila,-5.525,148.42
Mundua,-4.624,149.339
Garove,-4.687,149.511
Dakataua,-5.094,150.094
Bola,-5.141,150.038
Garua Harbour,-5.3,150.07
Krummel-Garbuna-Welcker,-5.416,150.027
Lolo,-5.466,150.509
Witori,-5.576,150.516
Sulu Range,-5.5,150.942
Hargy,-5.33,151.1
Bamus,-5.2,151.23
Ulawun,-5.05,151.33
Lolobau,-4.92,151.158
Rabaul,-4.271,152.203
Tavui,-4.12,152.2
Koranga,-7.33,146.708
Madilogo,-9.2,147.57
Lamington,-8.95,148.15
Hydrographers Range,-9,148.37
Managlase Plateau,-9.08,148.33
Victory,-9.2,149.07
Sessagara,-9.48,149.13
Waiowa,-9.57,149.075
Goodenough,-9.48,150.35
Iamalele,-9.52,150.53
Dawson Strait Group,-9.62,150.88
Lihir,-3.125,152.642
Ambitle,-4.08,153.65
Tore,-5.835,154.935
Balbi,-5.92,154.98
Billy Mitchell,-6.092,155.225
Bagana,-6.137,155.196
Takuan Group,-6.442,155.608
Loloru,-6.52,155.62
Simbo,-8.292,156.52
Kana Keoki,-8.75,157.03
Coleman Seamount,-8.841,157.16
Kavachi,-8.991,157.979
Unnamed,-8.92,158.03
Gallego,-9.35,159.73
Savo,-9.13,159.82
Tinakula,-10.386,165.804
Motlav,-13.67,167.67
Suretamatai,-13.8,167.47
Gaua,-14.27,167.5
Mere Lava,-14.45,168.05
Ambae,-15.389,167.835
Ambrym,-16.25,168.12
Lopevi,-16.507,168.346
Epi,-16.68,168.37
Kuwae,-16.829,168.536
NE Shepherd Islands,-16.992,168.592
North Vate,-17.47,168.353
Traitor's Head,-18.754,169.238
Yasur,-19.532,169.447
Aneityum,-20.2,169.78
Eastern Gemini Seamount,-20.98,170.28
Matthew Island,-22.33,171.32
Hunter Island,-22.4,172.05
Newer Volcanics Province,-37.77,142.5
Narcondum,13.43,94.28
Barren Island,12.278,93.858
Seulawah Agam,5.448,95.658
Peuet Sague,4.914,96.329
"Telong, Bur ni",4.769,96.821
Singkut,3.248,98.501
Sinabung,3.17,98.392
Toba,2.58,98.83
Sibualbuali,1.556,99.255
Lubukraya,1.478,99.209
Sorikmarapi,0.686,99.539
Malintang,0.47,99.67
Talakmau,0.079,99.98
Sarik-Gajah,0.074,100.189
Marapi,-0.38,100.474
Tandikat-Singgalang,-0.39,100.331
Talang,-0.979,100.681
Kerinci,-1.697,101.264
Sumbing,-2.414,101.728
Hululais,-3.247,102.239
"Daun, Bukit",-3.38,102.37
Kaba,-3.522,102.615
Dempo,-4.016,103.121
Patah,-4.257,103.306
Ranau,-4.871,103.925
Sekincau Belirang,-5.107,104.317
Suoh,-5.25,104.27
Hulubelu,-5.334,104.59
Rajabasa,-5.78,105.625
Krakatau,-6.102,105.423
Pulosari,-6.343,105.978
Karang,-6.268,106.05
Perbakti-Gagak,-6.75,106.7
Salak,-6.72,106.73
Gede-Pangrango,-6.77,106.965
Patuha,-7.162,107.4
Tangkuban Parahu,-6.77,107.6
Papandayan,-7.32,107.73
Kendang,-7.245,107.709
Guntur,-7.143,107.84
Tampomas,-6.77,107.95
Galunggung,-7.25,108.058
Talagabodas,-7.208,108.07
Cereme,-6.892,108.4
Slamet,-7.242,109.208
Dieng Volcanic Complex,-7.2,109.879
Sundoro,-7.3,109.992
Sumbing,-7.384,110.07
Ungaran,-7.18,110.33
Telomoyo,-7.362,110.4
Merbabu,-7.454,110.44
Merapi,-7.54,110.446
Muria,-6.62,110.88
Lawu,-7.625,111.192
Wilis,-7.808,111.758
Kelut,-7.93,112.308
Kawi-Butak,-7.92,112.45
Arjuno-Welirang,-7.733,112.575
Penanggungan,-7.616,112.62
Semeru,-8.108,112.922
Tengger Caldera,-7.942,112.95
Lamongan,-7.979,113.342
Iyang-Argapura,-7.97,113.57
Raung,-8.119,114.056
Ijen,-8.058,114.242
Baluran,-7.85,114.37
Buyan-Bratan,-8.283,115.133
Batur,-8.242,115.375
Agung,-8.343,115.508
Rinjani,-8.42,116.47
Tambora,-8.25,118
Sangeang Api,-8.2,119.07
"Sano, Wai",-8.724,119.986
Ranakah,-8.62,120.52
Inierie,-8.875,120.95
Inielika,-8.73,120.98
Ebulobo,-8.82,121.18
Iya,-8.897,121.645
Sukaria Caldera,-8.792,121.77
Kelimutu,-8.77,121.82
Paluweh,-8.32,121.708
Egon,-8.676,122.455
Ilimuda,-8.479,122.761
Lewotobi,-8.542,122.775
Leroboleng,-8.365,122.833
Iliboleng,-8.342,123.258
Lewotolo,-8.272,123.505
Ililabalekan,-8.55,123.38
Iliwerung,-8.53,123.57
"Tara, Batu",-7.791,123.585
Sirung,-8.508,124.13
Gunungapi Wetar,-6.642,126.65
Wurlali,-7.125,128.675
Teon,-6.976,129.144
Nila,-6.73,129.5
Serua,-6.312,130.017
Manuk,-5.543,130.303
Banda Api,-4.523,129.881
Colo,-0.162,121.601
Ambang,0.75,124.42
Soputan,1.112,124.737
Riendengan-Sempu,1.13,124.758
Tondano Caldera,1.23,124.83
Lokon-Empung,1.358,124.792
Mahawu,1.352,124.865
Klabat,1.454,125.031
Tangkoko-Duasudara,1.518,125.185
Ruang,2.3,125.37
Karangetang,2.781,125.407
Banua Wuhu,3.138,125.491
Awu,3.689,125.447
Tarakan,1.83,127.83
Dukono,1.693,127.894
Tobaru,1.63,127.67
Ibu,1.488,127.63
Gamkonora,1.38,127.53
Todoko-Ranu,1.25,127.47
Jailolo,1.08,127.439
Hiri,0.9,127.32
Gamalama,0.8,127.33
Tidore,0.658,127.4
Mare,0.57,127.4
Moti,0.454,127.411
Makian,0.32,127.4
Tigalalu,0.07,127.42
Amasing,-0.53,127.48
Bibinoi,-0.761,127.725
Balut,5.4,125.375
Parker,6.113,124.892
Matutum,6.37,125.07
Apo,6.989,125.269
Leonard Range,7.382,126.047
Makaturing,7.647,124.32
Latukan,7.65,124.45
Ragang,7.7,124.5
Kalatungan,7.95,124.8
Musuan,7.877,125.068
Malindang,8.22,123.63
Camiguin,9.203,124.673
Cuernos de Negros,9.25,123.17
Kanlaon,10.412,123.132
Mandalagan,10.65,123.25
Silay,10.77,123.23
Cabal¨ªan,10.285,125.218
Mahagnao,10.882,124.888
Biliran,11.523,124.535
Bulusan,12.769,124.056
Pocdol Mountains,13.05,123.958
Mayon,13.257,123.685
Masaraga,13.32,123.6
Iriga,13.458,123.451
Isarog,13.658,123.38
Malindig,13.24,122.018
Banahaw,14.07,121.48
San Pablo Volcanic Field,14.12,121.3
Taal,14.002,120.993
Laguna Caldera,14.42,121.27
Mariveles,14.527,120.482
Natib,14.72,120.4
Pinatubo,15.13,120.35
Arayat,15.2,120.742
Patoc,17.147,120.98
Ambalatungan Group,17.32,121.1
Cagua,18.222,122.123
Camiguin de Babuyanes,18.83,121.86
Didicas,19.077,122.202
Babuyan Claro,19.523,121.94
Unnamed,20.33,121.75
Iraya,20.469,122.01
Hainan Volcanic Field,19.905,110.229
Ly Son Group,15.38,109.12
Toroeng Prong,14.93,108
Haut Dong Nai,11.6,108.2
Bas Dong Nai,10.8,107.2
"Cendres, Ile des",10.158,109.014
Veteran,9.83,109.05
Popa,20.92,95.25
Singu Plateau,22.7,95.98
Tengchong,25.23,98.5
Unnamed,21.83,121.18
Unnamed,24.132,121.926
Kueishantao,24.841,121.953
Tatun Volcanic Group,25.178,121.553
Submarine Volcano NNE of Iriomotejima,24.57,123.93
Io-Torishima,27.881,128.223
Yokoate-jima,28.797,128.997
Akusekijima,29.465,129.594
Suwanosejima,29.638,129.714
Nakanoshima,29.859,129.857
Kuchinoshima,29.968,129.926
Kuchinoerabujima,30.443,130.217
Kikai,30.793,130.305
Ata,31.22,130.57
Aira,31.593,130.657
Yonemaru-Sumiyoshiike,31.771,130.592
Kirishimayama,31.934,130.862
Fukue,32.657,128.849
Unzendake,32.761,130.299
Asosan,32.884,131.104
Kujusan,33.086,131.249
Yufu-Tsurumi,33.282,131.39
Abu,34.5,131.6
Sanbesan,35.141,132.622
Oki-Dogo,36.176,133.334
Izu-Tobu,34.9,139.098
Hakoneyama,35.233,139.021
Fujisan,35.361,138.728
Yokodake,36.087,138.32
Ontakesan,35.893,137.48
Hakusan,36.155,136.771
Norikuradake,36.106,137.554
Akandanayama,36.2,137.573
Yakedake,36.227,137.587
Washiba-Kumonotaira,36.408,137.594
Midagahara,36.571,137.59
Niigata-Yakeyama,36.921,138.036
Myokosan,36.891,138.114
Asamayama,36.406,138.523
Kusatsu-Shiranesan,36.618,138.528
Shiga,36.688,138.519
Harunasan,36.477,138.851
Akagisan,36.56,139.193
Hiuchigatake,36.955,139.285
Nikko-Shiranesan,36.799,139.376
Nantaisan,36.765,139.491
Omanago Group,36.795,139.507
Takaharayama,36.9,139.777
Nasudake,37.125,139.963
Numazawa,37.444,139.566
Bandaisan,37.601,140.072
Adatarayama,37.647,140.281
Azumayama,37.735,140.244
Zaozan,38.144,140.44
Hijiori,38.599,140.162
Naruko,38.729,140.734
Kurikomayama,38.961,140.788
Chokaisan,39.099,140.049
Akita-Komagatake,39.761,140.799
Iwatesan,39.853,141.001
Hachimantai,39.958,140.854
Akita-Yakeyama,39.964,140.757
Megata,39.95,139.73
Iwakisan,40.656,140.303
Towada,40.51,140.88
Hakkodasan,40.659,140.877
Osorezan,41.279,141.12
Izu-Oshima,34.724,139.394
Toshima,34.52,139.279
Niijima,34.397,139.27
Kozushima,34.219,139.153
Miyakejima,34.094,139.526
Mikurajima,33.874,139.602
Kurose Hole,33.4,139.68
Hachijojima,33.137,139.766
Aogashima,32.458,139.759
Kita-Bayonnaise,32.1,139.85
Myojinsho,31.888,139.918
Sumisujima,31.44,140.051
Izu-Torishima,30.484,140.303
Sofugan,29.794,140.342
Suiyo Seamount,28.575,140.633
Mokuyo Seamount,28.327,140.572
Doyo Seamount,27.68,140.8
Nishinoshima,27.247,140.874
Kaikata Seamount,26.667,140.929
Kaitoku Seamount,26.127,141.102
Kita-Ioto,25.424,141.284
Ioto,24.751,141.289
Kita-Fukutokutai,24.417,141.417
Fukutoku-Oka-no-Ba,24.285,141.481
Minami-Hiyoshi,23.5,141.935
Nikko,23.078,142.326
Fukujin,21.93,143.47
Kasuga 1,21.765,143.71
Kasuga 2,21.6,143.637
NW Eifuku,21.485,144.043
Daikoku,21.324,144.194
Farallon de Pajaros,20.546,144.893
Ahyi,20.42,145.03
Supply Reef,20.13,145.1
Maug Islands,20.02,145.22
Asuncion,19.671,145.406
Agrigan,18.77,145.67
Pagan,18.13,145.8
Alamagan,17.6,145.83
Guguan,17.307,145.845
Zealandia Bank,16.88,145.85
Sarigan,16.708,145.78
South Sarigan Seamount,16.58,145.78
Anatahan,16.35,145.67
East Diamante,15.93,145.67
Ruby,15.62,145.57
Esmeralda Bank,15,145.25
NW Rota-1,14.601,144.775
Forecast Seamount,13.4,143.92
Seamount X,13.25,144.02
Mariana Back-Arc Segment at 15.5¡ãN,15.406,144.506
Oshima-Oshima,41.51,139.367
Esan,41.805,141.166
Hokkaido-Komagatake,42.063,140.677
Toya,42.544,140.839
Niseko,42.875,140.659
Yoteizan,42.827,140.812
Kuttara,42.491,141.16
Shikotsu,42.688,141.38
Rishirizan,45.179,141.242
Tokachidake,43.418,142.686
Taisetsuzan,43.664,142.854
Maruyama,43.418,143.031
Akan,43.384,144.013
Kussharo,43.615,144.427
Mashu,43.572,144.561
Rausudake,44.076,145.122
Tenchozan,44.044,145.086
Shiretoko-Iozan,44.133,145.161
Tomariyama [Golovnin],43.844,145.504
Raususan [Mendeleev],43.979,145.733
Ruruidake [Smirnov],44.454,146.139
Chachadake [Tiatia],44.353,146.252
Berutarubesan [Berutarube],44.462,146.932
Moekeshiwan [Lvinaya Past],44.608,146.994
Etorofu-Atosanupuri [Atosanupuri],44.808,147.131
Nishihitokappuyama [Bogatyr Ridge],44.833,147.342
Unnamed,45.022,147.019
Etorofu-Yakeyama [Grozny Group],45.012,147.871
Odamoisan [Tebenkov],45.028,147.918
Sashiusudake [Baransky],45.1,148.019
Chirippusan [Chirip],45.338,147.92
Rucharuyama [Golets-Tornyi Group],45.25,148.35
Moyorodake [Medvezhia],45.389,148.838
Rakkibetsudake [Demon],45.5,148.85
Ivao Group,45.77,149.68
Rudakov,45.874,149.819
Tri Sestry,45.93,149.92
Kolokol Group,46.042,150.083
Chirpoi,46.532,150.871
Unnamed,46.47,151.28
Milna,46.815,151.786
Zavaritzki Caldera,46.925,151.95
Prevo Peak,47.02,152.12
Uratman,47.12,152.25
Ketoi,47.35,152.475
Ushishur,47.52,152.8
Srednii,47.6,152.92
Rasshua,47.77,153.02
Sarychev Peak,48.092,153.2
Raikoke,48.292,153.25
Chirinkotan,48.98,153.48
Ekarma,48.958,153.93
Sinarka,48.873,154.182
Kharimkotan,49.12,154.508
Tao-Rusyr Caldera,49.35,154.7
Nemo Peak,49.57,154.808
Shirinki,50.2,154.98
Fuss Peak,50.267,155.246
Karpinsky Group,50.148,155.373
Chikurachki,50.324,155.461
Vernadskii Ridge,50.55,155.97
Ebeko,50.686,156.014
Alaid,50.861,155.565
Mashkovtsev,51.1,156.72
Kambalny,51.306,156.875
Koshelev,51.356,156.753
Yavinsky,51.533,156.629
Diky Greben,51.452,156.978
Kurile Lake,51.45,157.12
Iliinsky,51.498,157.203
Zheltovsky,51.577,157.328
Kell,51.65,157.35
Belenkaya,51.75,157.27
Ksudach,51.844,157.572
Ozernoy,51.88,157.38
Olkoviy Volcanic Group,52.02,157.53
Khodutka,52.062,157.711
Piratkovsky,52.113,157.849
Ostanets,52.146,157.322
Otdelniy,52.221,157.435
Golaya,52.263,157.787
Asacha,52.355,157.827
Visokiy,52.43,157.93
Mutnovsky,52.449,158.196
Gorely,52.559,158.03
Opala,52.543,157.339
Tolmachev Dol,52.63,157.58
Vilyuchik,52.7,158.28
Barkhatnaya Sopka,52.802,158.24
Bolshe-Bannaya,52.9,157.78
Koryaksky,53.321,158.712
Avachinsky,53.256,158.836
Dzenzursky,53.637,158.922
Zhupanovsky,53.589,159.15
Veer,53.75,158.45
Kostakan,53.83,158.05
Bakening,53.905,158.07
Zavaritsky,53.905,158.385
Akademia Nauk,53.98,159.45
Karymsky,54.049,159.443
Maly Semyachik,54.135,159.674
Bolshoi Semiachik,54.32,160.02
Taunshits,54.528,159.804
Uzon,54.5,159.97
Kikhpinych,54.489,160.251
Krasheninnikov,54.596,160.27
Kronotsky,54.753,160.533
Schmidt,54.92,160.63
Gamchen,54.974,160.703
Komarov,55.033,160.725
Vysoky,55.064,160.765
Kizimen,55.131,160.32
Tolbachik,55.832,160.326
Udina,55.758,160.527
Zimina,55.862,160.603
Bezymianny,55.972,160.595
Kamen,56.02,160.593
Klyuchevskoy,56.056,160.642
Ushkovsky,56.113,160.509
Sheveluch,56.653,161.36
Piip,55.42,167.33
Khangar,54.761,157.407
Cherpuk Group,55.55,157.47
Ichinsky,55.678,157.718
Maly Payalpan,55.82,157.98
Bolshoi Payalpan,55.88,157.78
Plosky,55.2,158.47
Akhtang,55.43,158.65
Kozyrevsky,55.58,158.38
Romanovka,55.65,158.8
Uksichan,56.08,158.38
Bolshoi-Kekuknaysky,56.483,157.917
Kulkev,56.37,158.37
Geodesistoy,56.33,158.67
Anaun,56.32,158.83
Krainy,56.37,159.03
Kekurny,56.4,158.85
Eggella,56.57,158.52
Verkhovoy,56.52,159.53
Alney-Chashakondzha,56.656,159.647
Cherny,56.82,159.67
Pogranychny,56.85,159.8
Zaozerny,56.88,159.95
Bliznets,56.97,159.78
Kebeney,57.1,159.93
Fedotych,57.13,160.4
Shisheika,57.153,161.09
Terpuk,57.2,159.83
Sedankinsky,57.27,160.08
Leutongey,57.306,159.827
Tuzovsky,57.32,159.967
Gorny Institute,57.33,160.2
Kinenin,57.35,160.97
Bliznetsy,57.35,161.37
Titila,57.406,160.108
Mezhdusopochny,57.47,160.25
Shishel,57.45,160.37
Elovsky,57.55,160.53
Alngey,57.702,160.418
Uka,57.706,160.59
Kaileney,57.8,160.67
Plosky,57.83,160.25
Bely,57.88,160.53
Nylgimelkin,57.97,160.65
Snezhniy,58.02,160.8
Iktunup,58.08,160.77
Spokoiny,58.13,160.82
Ostry,58.18,160.82
Snegovoy,58.2,160.97
Severny,58.28,160.87
Iettunup,58.4,161.08
Voyampolsky,58.374,160.631
Udokan Plateau,56.28,117.77
Vitim Plateau,53.7,113.3
Tunkin Depression,51.5,102.5
Jom-Bolok,52.713,99.021
Azas Plateau,52.433,98.303
Taryatu-Chulutu,48.133,99.95
Khanuy Gol,48.67,102.75
Dariganga Volcanic Field,45.754,114.279
Kunlun Volcanic Group,35.52,80.2
Honggeertu,41.47,113
Arxan-Chaihe,47.45,120.8
Keluo Group,49.37,125.92
Wudalianchi,48.72,126.12
Jingbo,44.08,128.83
Longgang Group,42.33,126.5
Changbaishan,41.98,128.08
Ch'uga-ryong,38.33,127.33
Ulreung,37.5,130.87
Halla,33.361,126.53
Buldir,52.35,175.911
Kiska,52.103,177.602
Segula,52.015,178.136
Davidof,51.97,178.33
Little Sitkin,51.95,178.543
Semisopochnoi,51.93,179.58
Gareloi,51.79,-178.794
Tanaga,51.885,-178.146
Takawangha,51.873,-178.006
Bobrof,51.91,-177.438
Kanaga,51.923,-177.168
Moffett,51.944,-176.747
Great Sitkin,52.076,-176.13
Kasatochi,52.177,-175.508
Koniuji,52.22,-175.13
Atka,52.331,-174.139
Korovin,52.381,-174.166
Seguam,52.315,-172.51
Amukta,52.5,-171.252
Chagulak,52.577,-171.13
Yunaska,52.643,-170.629
Herbert,52.742,-170.111
Carlisle,52.894,-170.054
Cleveland,52.825,-169.944
Tana,52.83,-169.77
Uliaga,53.065,-169.77
Kagamil,52.974,-169.72
Vsevidof,53.13,-168.693
Recheschnoi,53.157,-168.539
Okmok,53.43,-168.13
Bogoslof,53.93,-168.03
Makushin,53.891,-166.923
Akutan,54.134,-165.986
Westdahl,54.516,-164.65
Fisher,54.65,-164.43
Shishaldin,54.756,-163.97
Isanotski,54.765,-163.723
Roundtop,54.8,-163.589
Amak,55.424,-163.149
Frosty,55.067,-162.835
Dutton,55.183,-162.276
Emmons Lake,55.341,-162.073
Pavlof,55.417,-161.894
Pavlof Sister,55.457,-161.854
Dana,55.641,-161.214
Stepovak Bay 2,55.913,-160.041
Stepovak Bay 3,55.929,-160.002
Stepovak Bay 4,55.954,-159.954
Kupreanof,56.011,-159.797
Veniaminof,56.17,-159.38
Black Peak,56.552,-158.785
Aniakchak,56.88,-158.17
Yantarni,57.019,-157.185
Chiginagak,57.135,-156.99
Kialagvik,57.203,-156.745
Ugashik-Peulik,57.751,-156.368
Ukinrek Maars,57.832,-156.51
Unnamed,57.87,-155.411
Martin,58.172,-155.361
Mageik,58.195,-155.253
Trident,58.236,-155.1
Katmai,58.28,-154.963
Novarupta,58.27,-155.157
Griggs,58.354,-155.092
Snowy Mountain,58.336,-154.682
Denison,58.418,-154.449
Steller,58.43,-154.4
Kukak,58.453,-154.355
Kaguyak,58.608,-154.028
Fourpeaked,58.77,-153.672
Douglas,58.855,-153.542
Augustine,59.363,-153.43
Iliamna,60.032,-153.09
Redoubt,60.485,-152.742
Spurr,61.299,-152.251
Hayes,61.64,-152.411
St. Paul Island,57.18,-170.3
Ingakslugwat Hills,61.43,-164.47
St. Michael,63.45,-162.12
Imuruk Lake,65.517,-163.45
Buzzard Creek,64.062,-148.433
Wrangell,62.006,-144.017
Churchill,61.38,-141.75
Edgecumbe,57.05,-135.75
Duncan Canal,56.5,-133.1
Tlevak Strait-Suemez Is.,55.25,-133.3
Behm Canal-Rudyerd Bay,55.32,-131.05
Fort Selkirk,62.93,-137.38
Alligator Lake,60.42,-135.42
Atlin Volcanic Field,59.68,-133.32
Tuya Volcanic Field,59.37,-130.58
Heart Peaks,58.6,-131.97
Level Mountain,58.42,-131.35
Edziza,57.72,-130.63
Spectrum Range,57.43,-130.68
Hoodoo Mountain,56.78,-131.28
Iskut-Unuk River Cones,56.58,-130.55
Tseax River Cone,55.12,-128.9
Crow Lagoon,54.7,-130.23
Milbanke Sound Group,52.5,-128.73
Nazko,52.928,-123.732
Wells Gray-Clearwater,52.33,-120.57
Silverthrone,51.43,-126.3
Bridge River Cones,50.8,-123.4
Meager,50.63,-123.5
Garibaldi Lake,49.933,-123
Garibaldi,49.85,-123
Cayley Volcanic Field,50.12,-123.28
Baker,48.777,-121.813
Glacier Peak,48.112,-121.113
Rainier,46.853,-121.76
Adams,46.206,-121.49
St. Helens,46.2,-122.18
West Crater,45.88,-122.08
Indian Heaven,45.93,-121.82
Hood,45.374,-121.695
Jefferson,44.674,-121.8
Blue Lake Crater,44.411,-121.774
Sand Mountain Field,44.38,-121.93
Belknap,44.285,-121.841
Three Sisters,44.133,-121.767
Bachelor,43.979,-121.688
Davis Lake,43.57,-121.82
Newberry,43.722,-121.229
Devils Garden,43.512,-120.861
Cinnamon Butte,43.241,-122.108
Crater Lake,42.93,-122.12
Diamond Craters,43.1,-118.75
Jordan Craters,43.147,-117.46
Shasta,41.409,-122.193
Medicine Lake,41.611,-121.554
Lassen Volcanic Center,40.492,-121.508
Clear Lake,38.97,-122.77
Mono Lake Volcanic Field,38,-119.03
Mono-Inyo Craters,37.804,-119.029
Mammoth Mountain,37.631,-119.032
Ubehebe Craters,37.02,-117.45
Golden Trout Creek,36.358,-118.32
Salton Buttes,33.197,-115.616
Black Butte Crater Lava Field,43.183,-114.352
Craters of the Moon,43.42,-113.5
Wapi Lava Field,42.88,-113.22
Hell's Half Acre,43.5,-112.45
Yellowstone,44.43,-110.67
Soda Lakes,39.53,-118.87
Markagunt Plateau,37.58,-112.67
Black Rock Desert,38.97,-112.5
Carrizozo,33.78,-105.93
Zuni-Bandera,34.8,-108
Red Hill,34.25,-108.83
Dotsero,39.661,-107.035
Uinkaret Field,36.38,-113.13
San Francisco Volcanic Field,35.347,-111.678
West Valley Segment,48.78,-128.64
Endeavour Segment,47.95,-129.1
Cobb Segment,46.88,-129.33
CoAxial Segment,46.52,-129.58
Axial Seamount,45.95,-130
Cleft Segment,44.83,-130.3
North Gorda Ridge Segment,42.67,-126.78
Jackson Segment,42.15,-127.05
Escanaba Segment,40.98,-127.5
East Blanco Depression,44.267,-129.879
Loihi,18.92,-155.27
Kilauea,19.421,-155.287
Mauna Loa,19.475,-155.608
Mauna Kea,19.82,-155.47
Hualalai,19.692,-155.87
Haleakala,20.708,-156.25
Teahitia,-17.564,-148.821
Rocard,-17.662,-148.586
Moua Pihaa,-18.325,-148.525
Mehetia,-17.874,-148.068
Adams Seamount,-25.37,-129.27
Macdonald,-28.98,-140.25
Northern EPR at 17¡ãN,16.55,-105.32
Northern EPR at 16¡ãN,15.83,-105.43
Northern EPR at 10.7¡ãN,10.73,-103.58
Northern EPR at 9.8¡ãN,9.83,-104.3
Galapagos Rift,0.792,-86.15
Southern EPR at 8¡ãS,-8.27,-107.95
Southern EPR-Segment K,-17.436,-113.206
Southern EPR-Segment J,-18.175,-113.35
Southern EPR-Segment I,-18.53,-113.42
Hollister Ridge,-53.998,-139.845
Udintsev Transform,-56.153,-143.373
"Prieto, Cerro",32.418,-115.305
Pinacate,31.772,-113.498
San Quintin Volcanic Field,30.468,-115.996
"San Luis, Isla",29.97,-114.4
Jaraguay Volcanic Field,29.33,-114.5
Coronado,29.08,-113.513
Guadalupe,29.07,-118.28
San Borja Volcanic Field,28.5,-113.75
Tres Virgenes,27.47,-112.591
"Tortuga, Isla",27.438,-111.881
Comondu-La Purisima,26,-111.92
Barcena,19.3,-110.82
Socorro,18.78,-110.95
Durango Volcanic Field,24.15,-104.45
"Isabel, Isla",21.848,-105.886
Sanganguey,21.45,-104.73
Ceboruco,21.125,-104.508
Mascota Volcanic Field,20.62,-104.83
Colima,19.514,-103.62
Michoacan-Guanajuato,19.85,-101.75
Zitacuaro-Valle de Bravo,19.4,-100.25
Jocotitlan,19.73,-99.758
"Toluca, Nevado de",19.108,-99.758
Chichinautzin,19.08,-99.13
Papayo,19.308,-98.7
Iztaccihuatl,19.179,-98.642
Popocatepetl,19.023,-98.622
"Malinche, La",19.231,-98.032
Serdan-Oriental,19.27,-97.47
"Humeros, Los",19.68,-97.45
"Atlixcos, Los",19.809,-96.526
Naolinco Volcanic Field,19.67,-96.75
Cofre de Perote,19.492,-97.15
"Gloria, La",19.33,-97.25
"Cumbres,  Las",19.15,-97.27
"Orizaba, Pico de",19.03,-97.27
San Martin,18.57,-95.2
"Chichon, El",17.36,-93.228
Tacana,15.132,-92.109
Tajumulco,15.043,-91.903
Santa Maria,14.757,-91.552
Almolonga,14.797,-91.519
Atitlan,14.583,-91.186
Toliman,14.612,-91.189
Acatenango,14.501,-90.876
Fuego,14.473,-90.88
Agua,14.465,-90.743
Pacaya,14.382,-90.601
Cuilapa-Barbarena,14.33,-90.4
Tecuamburro,14.156,-90.407
Jumaytepeque,14.34,-90.271
Moyuta,14.03,-90.1
Flores,14.308,-89.992
Tahual,14.43,-89.9
"Santiago, Cerro",14.33,-89.87
Suchitan,14.4,-89.78
Chingo,14.12,-89.73
Ixtepeque,14.42,-89.68
Ipala,14.55,-89.63
Chiquimula Volcanic Field,14.83,-89.55
Quezaltepeque,14.57,-89.45
San Diego,14.27,-89.48
"Singuil, Cerro",14.054,-89.631
Apaneca Range,13.891,-89.786
Santa Ana,13.853,-89.63
Izalco,13.813,-89.633
Coatepeque Caldera,13.87,-89.55
San Salvador,13.734,-89.294
"Cinotepeque, Cerro",14.02,-89.25
Guazapa,13.9,-89.12
Ilopango,13.672,-89.053
San Vicente,13.595,-88.837
Apastepeque Field,13.72,-88.77
Taburete,13.435,-88.532
Tecapa,13.494,-88.502
Usulutan,13.419,-88.471
"Tigre, El",13.47,-88.43
Chinameca,13.478,-88.33
San Miguel,13.434,-88.269
"Aramuaca, Laguna",13.428,-88.105
"Tigre, Isla el",13.272,-87.641
"Zacate Grande, Isla",13.33,-87.63
"Yojoa, Lake",14.98,-87.98
Utila Island,16.12,-86.882
Cosiguina,12.98,-87.57
San Cristobal,12.702,-87.004
Telica,12.606,-86.84
Rota,12.55,-86.75
"Negro, Cerro",12.506,-86.702
"Pilas, Las",12.495,-86.688
Momotombo,12.423,-86.539
Apoyeque,12.242,-86.342
Nejapa-Miraflores,12.12,-86.32
Masaya,11.984,-86.161
Granada,11.92,-85.98
Mombacho,11.826,-85.968
Zapatera,11.73,-85.82
Concepcion,11.538,-85.622
Esteli,13.17,-86.4
"Ciguatepe, Cerro el",12.53,-86.142
"Lajas, Las",12.3,-85.73
"Azul, Volcan",12.53,-83.87
Orosi,10.98,-85.473
Rincon de la Vieja,10.83,-85.324
Miravalles,10.748,-85.153
Tenorio,10.673,-85.015
Arenal,10.463,-84.703
Platanar,10.3,-84.366
Poas,10.2,-84.233
Barva,10.135,-84.1
Irazu,9.979,-83.852
Turrialba,10.025,-83.767
Baru,8.808,-82.543
"Valle, El",8.58,-80.17
Romeral,5.203,-75.363
"Bravo, Cerro",5.091,-75.293
"Ruiz, Nevado del",4.892,-75.324
Santa Isabel,4.818,-75.365
"Tolima, Nevado del",4.658,-75.33
Machin,4.487,-75.389
"Huila, Nevado del",2.93,-76.03
Purace,2.32,-76.4
Sotara,2.108,-76.592
Petacas,1.666,-76.814
Dona Juana,1.5,-76.936
Galeras,1.22,-77.37
Azufral,1.08,-77.68
Cumbal,0.95,-77.87
Chiles-Cerro Negro,0.817,-77.938
Soche,0.552,-77.58
Chachimbiro,0.468,-78.287
Cuicocha,0.308,-78.364
Imbabura,0.258,-78.183
Mojanda,0.13,-78.27
Cayambe,0.029,-77.986
Reventador,-0.077,-77.656
Pululahua,0.038,-78.463
Guagua Pichincha,-0.171,-78.598
Atacazo,-0.353,-78.617
Chacana,-0.375,-78.25
Antisana,-0.481,-78.141
Aliso,-0.53,-78
Sumaco,-0.538,-77.626
Illiniza,-0.659,-78.714
Cotopaxi,-0.677,-78.436
Quilotoa,-0.85,-78.9
Chimborazo,-1.464,-78.815
Tungurahua,-1.467,-78.442
Licto,-1.78,-78.613
Sangay,-2.005,-78.341
Fernandina,-0.37,-91.55
Ecuador,-0.02,-91.546
Wolf,0.02,-91.35
Darwin,-0.18,-91.28
Alcedo,-0.43,-91.12
"Negra, Sierra",-0.83,-91.17
"Azul, Cerro",-0.92,-91.408
Pinta,0.58,-90.75
Marchena,0.33,-90.47
Genovesa,0.32,-89.958
Santiago,-0.22,-90.77
Santa Cruz,-0.62,-90.33
San Cristobal,-0.88,-89.5
Quimsachata,-14.176,-71.351
"Auquihuato, Cerro",-15.07,-73.18
Sara Sara,-15.33,-73.45
Coropuna,-15.52,-72.65
Andahua-Orcopampa,-15.42,-72.33
Huambo,-15.83,-72.13
Sabancaya,-15.787,-71.857
"Chachani, Nevado",-16.191,-71.53
"Nicholson, Cerro",-16.261,-71.754
"Misti, El",-16.294,-71.409
Ubinas,-16.355,-70.903
Huaynaputina,-16.608,-70.85
Ticsani,-16.755,-70.595
Tutupaca,-17.026,-70.372
Yucamane,-17.184,-70.196
"Casiri, Nevados",-17.47,-69.813
Tacora,-17.72,-69.77
Taapaca,-18.1,-69.5
Parinacota,-18.166,-69.142
Guallatiri,-18.42,-69.092
Tambo Quemado,-18.62,-68.75
Isluga,-19.15,-68.83
Tata Sabaya,-19.13,-68.53
"Jayu Khota, Laguna",-19.463,-67.432
Jatun Mundo Quri Warani,-19.78,-66.48
Irruputuncu,-20.73,-68.55
Pampa Luxsar,-20.85,-68.2
Olca-Paruma,-20.939,-68.413
"Azufre, Cerro del",-21.787,-68.237
San Pedro-San Pablo,-21.888,-68.391
Putana,-22.557,-67.853
Sairecabur,-22.72,-67.892
Licancabur,-22.83,-67.88
Guayaques,-22.895,-67.566
Purico Complex,-23,-67.75
Colachi,-23.236,-67.645
Acamarachi,-23.292,-67.618
"Overo, Cerro",-23.52,-67.67
Chiliques,-23.58,-67.7
Lascar,-23.37,-67.73
Cordon de Puntas Negras,-23.743,-67.534
Miniques,-23.82,-67.77
"Tujle, Cerro",-23.83,-67.95
Caichinque,-23.949,-67.74
Tilocalar,-23.97,-68.13
"Negrillar, El",-24.18,-68.25
Pular,-24.188,-68.054
"Negrillar, La",-24.319,-68.59
Socompa,-24.396,-68.246
Llullaillaco,-24.72,-68.53
Escorial,-25.083,-68.367
Lastarria,-25.168,-68.507
Cordon del Azufre,-25.336,-68.521
"Bayo Gorbea, Cerro",-25.414,-68.588
"Nevada, Sierra",-26.48,-68.58
Falso Azufre,-26.8,-68.37
"Incahuasi, Nevado de",-27.033,-68.296
"Ojos del Salado, Nevados",-27.109,-68.541
"Solo, El",-27.105,-68.713
Tuzgle,-24.05,-66.48
Aracar,-24.29,-67.783
Unnamed,-25.078,-68.266
Antofagasta Volcanic Field,-26.12,-67.4
"Condor, El",-26.632,-68.361
Peinado,-26.623,-68.116
"Blanco, Cerro",-26.789,-67.765
Tipas,-27.196,-68.561
Easter Island,-27.15,-109.38
Tupungatito,-33.425,-69.797
San Jose,-33.789,-69.895
Maipo,-34.164,-69.832
Palomo,-34.608,-70.295
"Atuel, Caldera del",-34.65,-70.05
Risco Plateado,-34.917,-69.981
Tinguiririca,-34.814,-70.352
Planchon-Peteroa,-35.223,-70.568
Infiernillo,-35.123,-69.9
Calabozos,-35.558,-70.496
Descabezado Grande,-35.58,-70.75
"Azul, Cerro",-35.653,-70.761
"Maule, Laguna del",-36.058,-70.492
San Pedro-Pellado,-35.989,-70.849
"Longavi, Nevado de",-36.193,-71.161
"Blancas, Lomas",-36.286,-71.009
"Resago, Volcan",-36.45,-70.92
Payun Matru,-36.422,-69.241
Domuyo,-36.638,-70.432
"Chillan, Nevados de",-36.868,-71.378
Tromen,-37.144,-70.033
Antuco,-37.406,-71.349
Trolon,-37.738,-70.906
Copahue,-37.856,-71.183
Callaqui,-37.92,-71.45
"Mari_aqui, Laguna",-38.255,-71.167
Tolhuaca,-38.31,-71.645
Lonquimay,-38.379,-71.586
Tralihue,-38.509,-70.898
"Blanca, Laguna",-39.02,-70.37
Llaima,-38.692,-71.729
Sollipulli,-38.97,-71.52
Caburgua-Huelemolle,-39.25,-71.75
Villarrica,-39.42,-71.93
Quetrupillan,-39.5,-71.7
Lanin,-39.637,-71.502
Huanquihue Group,-39.887,-71.58
Mocho-Choshuenco,-39.927,-72.027
Carran-Los Venados,-40.35,-72.07
Puyehue-Cordon Caulle,-40.59,-72.117
"Pantojo, Cerro",-40.768,-71.943
Antillanca Group,-40.771,-72.153
Puntiagudo-Cordon Cenizos,-40.969,-72.264
Osorno,-41.105,-72.496
Tronador,-41.157,-71.885
Cayutue-La Vigueria,-41.25,-72.27
Calbuco,-41.33,-72.618
Yate,-41.755,-72.396
Hornopiren,-41.874,-72.431
Apagado,-41.88,-72.58
Crater Basalt Volcanic Field,-42.018,-70.194
Huequi,-42.377,-72.578
Michinmahuida,-42.799,-72.445
Chaiten,-42.833,-72.646
Yanteles,-43.497,-72.81
Corcovado,-43.189,-72.794
Palena Volcanic Group,-43.78,-72.47
Melimoyu,-44.08,-72.88
Puyuhuapi,-44.3,-72.53
Mentolat,-44.7,-73.08
Cay,-45.059,-72.984
Maca,-45.1,-73.17
"Hudson, Cerro",-45.9,-72.97
Arenales,-47.2,-73.48
Lautaro,-49.019,-73.504
Aguilera,-50.33,-73.75
Reclus,-50.964,-73.585
Meullin,-45.22,-73.05
"Burney, Monte",-52.33,-73.4
Pali-Aike Volcanic Field,-52.082,-69.698
Fueguino,-54.97,-70.262
Saba,17.63,-63.23
"Quill, The",17.478,-62.96
Liamuiga,17.37,-62.8
Nevis Peak,17.15,-62.58
Soufriere Hills,16.72,-62.18
Soufriere Guadeloupe,16.044,-61.664
"Diables, Morne aux",15.612,-61.43
"Diablotins, Morne",15.503,-61.397
"Trois Pitons, Morne",15.37,-61.33
"Watt, Morne",15.307,-61.305
"Plat Pays, Morne",15.255,-61.341
Pelee,14.809,-61.165
Qualibou,13.83,-61.05
Soufriere St. Vincent,13.33,-61.18
Kick 'em Jenny,12.3,-61.64
St. Catherine,12.15,-61.67
Snaefellsjokull,64.8,-23.783
Helgrindur,64.866,-23.283
Ljosufjoll,64.9,-22.483
Reykjanes,63.85,-22.566
Eldey,63.733,-23
Krysuvik,63.883,-22.083
Brennisteinsfjoll,63.933,-21.783
Hengill,64.083,-21.416
Hromundartindur,64.083,-21.333
Grimsnes,64.05,-20.883
Prestahnukur,64.583,-20.666
Langjokull,64.85,-19.7
Hofsjokull,64.833,-18.766
Vestmannaeyjar,63.416,-20.266
Eyjafjallajokull,63.633,-19.633
Katla,63.633,-19.083
Tindfjallajokull,63.783,-19.716
Torfajokull,63.892,-19.122
Hekla,63.983,-19.666
Grimsvotn,64.416,-17.316
Thordarhyrna,64.267,-17.617
Bardarbunga,64.633,-17.516
Tungnafellsjokull,64.75,-17.916
Kverkfjoll,64.653,-16.647
Askja,65.033,-16.783
Fremrinamar,65.416,-16.666
Krafla,65.715,-16.728
Heidarspordar,65.583,-16.817
Theistareykir,65.833,-17.166
Tjornes Fracture Zone,66.309,-17.118
Oraefajokull,64.05,-16.633
Esjufjoll,64.25,-16.583
Snaefell,64.783,-15.55
Kolbeinsey Ridge,66.67,-18.5
Jan Mayen,71.082,-8.155
East Gakkel Ridge at 85¡ãE,85.608,85.25
Pico Fracture Zone,38.75,-38.08
Flores,39.462,-31.216
Corvo,39.699,-31.111
Fayal,38.6,-28.73
Pico,38.47,-28.4
San Jorge,38.65,-28.08
Graciosa,39.02,-27.97
Terceira,38.73,-27.32
Don Joao de Castro Bank,38.23,-26.63
Sete Cidades,37.87,-25.78
Picos Volcanic System,37.78,-25.67
Agua de Pau,37.77,-25.47
Furnas,37.77,-25.32
Monaco Bank,37.6,-25.88
Madeira,32.73,-16.97
La Palma,28.57,-17.83
Hierro,27.73,-18.03
Tenerife,28.271,-16.641
Gran Canaria,28,-15.58
Fuerteventura,28.358,-14.02
Lanzarote,29.03,-13.63
Fogo,14.95,-24.35
Brava,14.85,-24.72
Romanche Fracture Zone,-0.433,-19.596
Ascension,-7.95,-14.37
Walvis Ridge at 33¡ãS,-32.958,-5.22
Tristan da Cunha,-37.092,-12.28
Nightingale Island,-37.42,-12.48
Bouvet,-54.408,3.351
Buckle Island,-66.78,163.25
Young Island,-66.42,162.47
Sturge Island,-67.4,164.83
"Pleiades, The",-72.67,165.5
Melbourne,-74.35,164.7
Unnamed,-76.83,163
Morning,-78.5,163.53
Erebus,-77.53,167.17
Royal Society Range,-78.25,163.33
Berlin,-76.05,-136
Andrus,-75.8,-132.33
Waesche,-77.17,-126.88
Siple,-73.43,-126.67
Toney Mountain,-75.8,-115.83
Takahe,-76.28,-112.08
Hudson Mountains,-74.33,-99.42
Peter I Island,-68.85,-90.58
Deception Island,-63.001,-60.652
Penguin Island,-62.1,-57.93
Bridgeman Island,-62.061,-56.717
Paulet,-63.579,-55.78
Seal Nunataks Group,-65.03,-60.05
Southern Thule,-59.442,-27.225
Bristol Island,-59.017,-26.533
Montagu Island,-58.445,-26.374
Saunders,-57.8,-26.483
Candlemas Island,-57.08,-26.67
Hodson,-56.712,-27.176
Leskov Island,-56.656,-28.14
Zavodovski,-56.3,-27.57
Protector Seamounts,-55.912,-28.167
James Ross Island,-64.15,-57.75
Melville,-62.02,-57.67